Last login: Mon Nov 17 20:43:39 on console
varun@Varuns-MacBook-Air ~ % sudo mysql -u root -p

Password:
Sorry, try again.
Password:
Sorry, try again.
Password:
sudo: 3 incorrect password attempts
varun@Varuns-MacBook-Air ~ % sudo mysql -u root -p

Password:
Sorry, try again.
Password:
Enter password: 
ERROR 1045 (28000): Access denied for user 'root'@'localhost' (using password: YES)
varun@Varuns-MacBook-Air ~ % sudo mysql -u root -p

Enter password: 
Welcome to the MySQL monitor.  Commands end with ; or \g.
Your MySQL connection id is 10
Server version: 9.4.0 Homebrew

Copyright (c) 2000, 2025, Oracle and/or its affiliates.

Oracle is a registered trademark of Oracle Corporation and/or its
affiliates. Other names may be trademarks of their respective
owners.

Type 'help;' or '\h' for help. Type '\c' to clear the current input statement.

mysql> CREATE DATABASE shopdb;
Query OK, 1 row affected (0.003 sec)

mysql> USE shopdb;
Database changed
mysql> 
mysql> CREATE TABLE Customers (
    ->     customer_id INT PRIMARY KEY,
    ->     name VARCHAR(50)
    -> );
Query OK, 0 rows affected (0.009 sec)

mysql> 
mysql> CREATE TABLE Orders (
    ->     order_id INT PRIMARY KEY,
    ->     customer_id INT,
    ->     amount DECIMAL(10,2),
    ->     FOREIGN KEY (customer_id) REFERENCES Customers(customer_id)
    -> );
Query OK, 0 rows affected (0.009 sec)

mysql> 
mysql> INSERT INTO Customers VALUES
    -> (1, 'John'),
    -> (2, 'Emma'),
    -> (3, 'Liam'),
    -> (4, 'Olivia');
Query OK, 4 rows affected (0.008 sec)
Records: 4  Duplicates: 0  Warnings: 0

mysql> 
mysql> INSERT INTO Orders VALUES
    -> (101, 1, 500.00),
    -> (102, 1, 250.00),
    -> (103, 2, 300.00),
    -> (104, 3, 450.00);
Query OK, 4 rows affected (0.003 sec)
Records: 4  Duplicates: 0  Warnings: 0

mysql> SELECT c.customer_id, c.name, o.order_id, o.amount
    -> FROM Customers c
    -> INNER JOIN Orders o
    ->     ON c.customer_id = o.customer_id;
+-------------+------+----------+--------+
| customer_id | name | order_id | amount |
+-------------+------+----------+--------+
|           1 | John |      101 | 500.00 |
|           1 | John |      102 | 250.00 |
|           2 | Emma |      103 | 300.00 |
|           3 | Liam |      104 | 450.00 |
+-------------+------+----------+--------+
4 rows in set (0.001 sec)

mysql> SELECT c.customer_id, c.name, o.order_id, o.amount
    -> FROM Customers c
    -> LEFT JOIN Orders o
    ->     ON c.customer_id = o.customer_id;
+-------------+--------+----------+--------+
| customer_id | name   | order_id | amount |
+-------------+--------+----------+--------+
|           1 | John   |      101 | 500.00 |
|           1 | John   |      102 | 250.00 |
|           2 | Emma   |      103 | 300.00 |
|           3 | Liam   |      104 | 450.00 |
|           4 | Olivia |     NULL |   NULL |
+-------------+--------+----------+--------+
5 rows in set (0.000 sec)

mysql> SELECT c.customer_id, c.name, o.order_id, o.amount
    -> FROM Customers c
    -> RIGHT JOIN Orders o
    ->     ON c.customer_id = o.customer_id;
+-------------+------+----------+--------+
| customer_id | name | order_id | amount |
+-------------+------+----------+--------+
|           1 | John |      101 | 500.00 |
|           1 | John |      102 | 250.00 |
|           2 | Emma |      103 | 300.00 |
|           3 | Liam |      104 | 450.00 |
+-------------+------+----------+--------+
4 rows in set (0.001 sec)

mysql> SELECT c.customer_id, c.name, o.order_id, o.amount
    -> FROM Customers c
    -> LEFT JOIN Orders o
    ->     ON c.customer_id = o.customer_id
    -> UNION
    -> SELECT c.customer_id, c.name, o.order_id, o.amount
    -> FROM Customers c
    -> RIGHT JOIN Orders o
    ->     ON c.customer_id = o.customer_id;
+-------------+--------+----------+--------+
| customer_id | name   | order_id | amount |
+-------------+--------+----------+--------+
|           1 | John   |      102 | 250.00 |
|           1 | John   |      101 | 500.00 |
|           2 | Emma   |      103 | 300.00 |
|           3 | Liam   |      104 | 450.00 |
|           4 | Olivia |     NULL |   NULL |
+-------------+--------+----------+--------+
5 rows in set (0.001 sec)

mysql> SELECT customer_id, COUNT(*) AS total_orders
    -> FROM Orders
    -> GROUP BY customer_id;
+-------------+--------------+
| customer_id | total_orders |
+-------------+--------------+
|           1 |            2 |
|           2 |            1 |
|           3 |            1 |
+-------------+--------------+
3 rows in set (0.001 sec)

mysql> SELECT customer_id, COUNT(*) AS total_orders
    -> FROM Orders
    -> GROUP BY customer_id
    -> HAVING COUNT(*) > 1;
+-------------+--------------+
| customer_id | total_orders |
+-------------+--------------+
|           1 |            2 |
+-------------+--------------+
1 row in set (0.000 sec)

mysql> 
